Trap,Surface area,Mean catch,SD
Pitfall,15.9,0.380013149,1.262307198
Yellow ramp,196,4.739316239,14.06706897
Sticky card,154,2.563492063,8.77354289
Jar ramp,44.18,0.670940171,2.291520573
